{
    "slope": 9.835635077805751,
    "intercept": 2.440565592134071,
    "r2": 0.9708871356050831,
    "mae": 3.3702236454952414,
    "mse": 17.00744425086653,
    "rmse": 4.124008274830026,
    "train_hours": [
        1.8,
        9.6,
        8.9,
        6.8,
        3.0,
        2.7,
        4.4,
        5.9,
        4.1,
        4.6,
        2.3,
        8.7,
        4.3,
        1.5,
        7.3,
        5.7,
        2.2,
        2.5,
        3.1,
        3.9,
        5.5,
        5.8,
        5.8,
        7.4,
        5.6,
        4.2,
        7.0,
        3.3,
        7.8,
        8.5,
        1.9,
        5.3,
        8.3,
        1.2,
        9.2,
        3.4,
        7.1,
        4.0,
        8.4,
        8.0,
        2.4,
        3.7,
        2.8,
        8.2,
        8.0,
        1.4,
        9.3,
        6.1,
        9.7,
        9.4,
        5.2,
        1.3,
        6.0,
        1.7,
        6.2,
        9.8,
        6.4,
        2.1,
        7.2,
        6.3,
        4.7,
        5.1,
        6.6,
        4.8,
        3.2,
        6.9,
        2.0,
        2.9,
        6.8,
        1.0,
        2.7,
        7.6,
        6.5,
        1.1,
        4.4,
        7.9
    ],
    "train_scores": [
        21,
        98,
        95,
        74,
        34,
        25,
        45,
        62,
        44,
        48,
        23,
        87,
        43,
        20,
        77,
        59,
        22,
        30,
        28,
        38,
        60,
        60,
        63,
        69,
        57,
        49,
        73,
        42,
        86,
        75,
        24,
        56,
        81,
        14,
        88,
        33,
        73,
        40,
        84,
        84,
        26,
        37,
        29,
        83,
        79,
        15,
        94,
        63,
        96,
        93,
        53,
        16,
        61,
        18,
        68,
        99,
        64,
        20,
        72,
        66,
        50,
        47,
        72,
        54,
        27,
        76,
        18,
        31,
        67,
        12,
        30,
        78,
        65,
        17,
        44,
        80
    ],
    "test_hours": [
        2.6,
        4.9,
        3.0,
        3.7,
        8.1,
        8.6,
        7.5,
        6.7,
        2.5,
        7.7,
        5.4,
        1.6,
        6.1,
        3.5,
        9.0,
        9.5,
        4.5,
        3.8,
        3.6,
        5.0
    ],
    "test_scores": [
        32,
        51,
        27,
        37,
        82,
        89,
        70,
        71,
        21,
        85,
        55,
        19,
        67,
        30,
        92,
        90,
        41,
        35,
        36,
        52
    ]
}